,2020-03-09,2020-03-16,2020-03-23,2020-03-30,2020-04-06,2020-04-13,2020-04-20,2020-04-27,2020-05-04,2020-05-11,2020-05-18,2020-05-25,2020-06-01,2020-06-08,2020-06-15,2020-06-22,2020-06-29,2020-07-06,2020-07-13,2020-07-20,2020-07-27,2020-08-03,2020-08-10,2020-08-17,2020-08-24,2020-08-31,2020-09-07,2020-09-14,2020-09-21,2020-09-28,2020-10-05,2020-10-12,2020-10-19,2020-10-26,2020-11-02,2020-11-09,2020-11-16,2020-11-23,2020-11-30,2020-12-07,2020-12-14,2020-12-21,2020-12-28,2021-01-04,2021-01-04,2021-01-11,2021-01-18,2021-01-25,2021-02-01,2021-02-08,2021-02-15,2021-02-22,2021-03-01
Alabama,-1.2344526406844276,-1.2307874584509078,-1.214555937131034,-1.1428230848464298,-1.1002807910645023,-1.0038079587036388,-1.062843572536406,-1.038496290556595,-1.0378417937291808,-0.9719994128913052,-0.9523645080688771,-0.9020991517234611,-0.7731632767228498,-0.8971249758351126,-0.5269415702496012,-0.7187091406819824,-0.39918378953833555,-0.25022031161884756,0.17389363254559975,0.46095594104949883,0.36448310868863537,0.2721990560232232,0.07558820906797632,-0.4227456753252493,-0.2110814013394742,0.0037244574178894106,-0.35140552113709383,-0.42667265628973494,-0.3883191422032587,-0.28163615933473257,-0.30336545400488635,-0.35781959004575364,-0.24118825540053065,0.2998188221401054,0.03985268229115715,0.1016371827990643,0.4877903109734839,0.6876736420658022,0.6927787173196335,1.7301561887712524,2.1367296179609974,2.2763992409312026,1.7992710537461993,2.208986067707533,2.6880777453747786,1.4749024260796868,1.196610375063139,1.183127740418405,0.43896484764837934,-0.12076083915630485,-0.46057559194979414,-0.39551860730481564,-0.3748365075585247
Alaska,-0.8741688228166814,-0.8733879860827254,-0.8546479044677794,-0.8077977004304144,-0.8148252310360192,-0.8046743534945902,-0.8366886595867895,-0.8569904146696476,-0.8530862309998672,-0.8640179452752523,-0.8569904146696476,-0.8624562718073402,-0.8265377820453604,-0.7874959453475564,-0.7586049861911813,-0.7750025576042591,-0.718001476025465,-0.6305477618223839,-0.5602724557663366,-0.47359957829721144,-0.21358094588983617,-0.1948408642748902,-0.4759420884990797,-0.4189410069202857,-0.47359957829721144,-0.47203790482929925,-0.4493936395445729,-0.4743804150311675,-0.4064476191769884,-0.32055557844181937,-0.1604840479808226,0.12920638031688378,0.17449491088633654,0.7148339307839452,1.1825551344236382,1.5659459707960743,2.2429314191359975,2.2265338477229197,2.47562076585491,3.0104939286148262,2.332727643540947,1.2551729506815539,0.6125443186356985,0.9358107264935164,0.7812050531702122,0.46965119632173546,0.20104335984084332,-0.08240037458521442,-0.16282655818269084,0.02379342123281272,-0.09723627253037997,-0.17922412959576856,-0.06287945623631237
Arizona,-0.9280082387546772,-0.9277106180733338,-0.9198534320858671,-0.8825317986454009,-0.8478292272007567,-0.8524125856934456,-0.8453887376137406,-0.8328886689973165,-0.8028289801816298,-0.7806264773534098,-0.7599716020681757,-0.7834241117580382,-0.7163404101832287,-0.5083630780604387,-0.4093149153093446,0.07687822973328526,0.34140349131132725,0.511285376222158,0.5220592448867902,0.3311653398731132,0.16646205481765816,0.051163802865212764,-0.4248507148754717,-0.534494173882392,-0.6563996049606615,-0.7163999343194973,-0.6837807076442572,-0.7647930571059393,-0.6002683444592903,-0.736757188923388,-0.7188404239065135,-0.6412209502121465,-0.5963992756018257,-0.5106845193749174,-0.37401710250201364,-0.22633772041940287,0.034437520573711904,0.5140234864905175,0.6390836967910275,1.3504566493380978,1.7007561912793168,1.7596255620490475,1.4968265004227974,2.765107271899697,2.771952547570596,2.365640793400543,1.9701624320313913,1.2045629913435476,0.39521331049821967,0.0618781473935763,-0.2914571254973457,-0.40348154995501334,-0.3524693651727492
Arkansas,-1.15704545650718,-1.1564790770959879,-1.1264609683027988,-1.107770447733455,-1.0794514771738428,-1.0734100967877922,-1.0624600948380756,-0.9267178292890017,-1.074731648747241,-1.0484894026953337,-1.0160169831203119,-0.9374790381016542,-0.9057617910748887,-0.7467979696669328,-0.5765065600351321,-0.5793384570910933,-0.35335307202538885,-0.4026280807991139,-0.297470303454421,-0.23932201723868415,-0.13850648204646512,-0.17777545455579388,-0.10490130364905877,-0.5374263806628674,-0.4190530837236889,-0.34863324359878684,-0.30351168384047156,-0.2429090868429017,-0.11792803010648033,-0.11509613305051912,-0.0675202625103708,-0.058269398794230855,0.01970216681323444,0.17375736665752423,0.1535565009916676,0.5060332878903061,0.9525290570468568,1.13358167549131,0.9336497433404487,1.613871416182331,1.6329395230258033,1.8538274933907777,1.3401213674394143,2.354129306610591,2.9210750972140254,1.8783706012091081,1.2806515292642289,0.957815264884651,1.0080342393436965,0.030840961900015198,-0.6877057177658756,0.1458159823720403,-0.7033755481421943
California,-0.8297691385126023,-0.8273835896614499,-0.8151500058093865,-0.7792566707874323,-0.7185169269619373,-0.7357295794417905,-0.722517308881562,-0.6811922626292917,-0.690893494623978,-0.6728734256098885,-0.6769105082810695,-0.6594042497887667,-0.609344424666123,-0.5996676598391408,-0.5585872852639118,-0.48731442574179007,-0.3330734005349741,-0.21182635097717323,-0.1167102365273799,-0.06492547608159531,-0.04796972886263537,-0.09794391889831457,-0.24649632761392107,-0.07532402235584924,-0.28532572276037044,-0.39618645962776944,-0.4278714418046138,-0.5524093254186198,-0.5270980404287005,-0.5349764684294293,-0.5496934698034617,-0.5519444492322413,-0.5737813964081746,-0.45121311979435086,-0.4663093622677971,-0.3348595037773754,-0.12077178636626497,0.2116513876458552,0.4198792183918272,1.0940108565597837,1.9067489997716192,2.8647120168913,2.4665088625066347,2.5129964811444756,2.7383146285317803,2.4774212193026752,1.2862004588757006,0.8426351755675839,0.31572248547535897,-0.0006257593551498099,-0.26797850085814445,-0.4017772074481624,-0.4351993585319998
Colorado,-0.891635899571065,-0.8786350735023241,-0.842774461596047,-0.7069158291777041,-0.6062677673622013,-0.6371447292754611,-0.6299942749376536,-0.49045207513316746,-0.546463967445993,-0.560114834818171,-0.650362235778681,-0.6502538955614415,-0.6537207825131058,-0.7166664487292599,-0.7701865160455768,-0.7398512552185146,-0.7009571172295312,-0.7020405194019264,-0.5839496826108628,-0.5426720598426102,-0.4381237502064852,-0.52512094464981,-0.5747407641455046,-0.6199186347343794,-0.6793974139988692,-0.6671549694508048,-0.6706218564024691,-0.6712718977059061,-0.5085448914121653,-0.43509022412377896,-0.45946677300266825,-0.30909055147423137,-0.15134719517350792,0.1678230848140822,0.7132077383977647,1.3906591167964073,2.6212956444199773,2.9192312418286237,2.37633841324145,2.5536913488625244,2.0989874571083096,1.3498148548971127,0.8548084023298015,0.8660757849227103,1.2632510213227461,0.6061676037651309,0.33217519436641557,0.18006552936214656,0.09826866534631816,0.02903926653027264,-0.15817262885959693,-0.059474690954405274,0.007696243734089593
Connecticut,-0.978747485631637,-0.9743842332511533,-0.9236614243280291,-0.6758650495530534,-0.30935184959241424,0.17751439519656964,0.0987940501653411,0.3496810620431595,-0.24826631626564108,-0.20299757281812167,-0.2760820501912253,-0.4244326311276745,-0.6636843033242028,-0.6575030291185174,-0.7751290412090598,-0.8574854298906915,-0.8791198896105903,-0.9034813820682915,-0.8751202415951469,-0.8685753630244212,-0.8182161584663373,-0.7907640289057934,-0.8860283725463564,-0.8738476263175058,-0.8656665281040986,-0.8013085554919626,-0.8205795868390994,-0.804035588229765,-0.760403064424927,-0.7860371721602692,-0.6678657535221664,-0.6622298858640415,-0.4711557920353551,-0.3929808535516871,-0.041557234740221105,0.278960013042818,0.9338114744804281,1.3526837030068728,1.0414383665323619,1.7726467446284386,2.4838568826472978,1.933905280523819,0.8321840544516597,2.1804290400211537,1.9071803596933559,2.189700951329682,1.6379313273810014,1.2406935585744554,0.7209211187493227,0.4693068981414237,0.06916029441455529,0.2656884537188464,7.546505689514445e-05
Delaware,-1.0537644623736706,-1.0499717976495513,-1.0221589230060106,-0.9425129637995076,-0.7750036051509098,-0.45199499281342514,-0.4766473135201999,-0.10812672449328488,-0.311666398021015,-0.3780380306931008,-0.1732341355906644,-0.3337902755783769,-0.6182401298873165,-0.7731072727888502,-0.8502247888459404,-0.7307558500361859,-0.7686824972773778,-0.48360053218108506,-0.626457570122908,-0.6018052494161333,-0.5664070453243542,-0.6372034535079124,-0.658063109490568,-0.5000354126522683,-0.7731072727888502,-0.7705788296394374,-0.6112869112264313,-0.5442831677669921,-0.6005410278414269,-0.6150795759505505,-0.43239955840547595,-0.49308219399138303,-0.4450417741525399,-0.5050922989510939,-0.31735539510719374,-0.12013682945299567,0.3368792698033672,0.8457284536226923,1.1225929784833935,1.89250391747959,2.4531861858618775,2.2053987572194234,1.7534395442618862,1.7445899932389413,2.6055248856139985,2.1200638009267414,1.6523018182853744,1.156094850213113,0.5410510541184504,0.4689904243601858,0.03915508896001048,0.25280853508539175,-0.07083218803944615
District of Columbia,-1.4708382501717538,-1.4708382501717538,-1.2788647215875655,-1.0191358299736635,-0.22865659462700516,0.17222930329880012,0.2569235070859421,0.5015956513599077,0.7406215153813973,0.8930710821982528,0.13082324811397517,0.3867879528928931,-0.17031169868475182,-0.4714466454834788,-0.652127613562715,-0.994668615546267,-1.041720950983568,-1.0304283904786158,-0.783874152787158,-0.6916515753300478,-0.4940317664933833,-0.5410841019306845,-0.569315503193065,-0.5919006242029696,-0.7744636856996978,-0.7763457791171898,-0.8685683565743,-0.8817430104967443,-0.7876383396221421,-0.9156206920116011,-0.9645551208663942,-0.5956648110379537,-0.7443501910198251,-0.7236471634274126,-0.33781801284154367,-0.2813552103167824,0.3660849253004806,0.7387394219639052,0.9702369123154266,1.7061354385548155,1.8002401094294178,1.7795370818370053,1.542393311233008,1.4689916679508181,2.344165107084619,2.4062741898618563,1.2581972051917092,1.4859305087082466,0.7180363943714928,0.19105023747372055,-0.09691005540256212,0.3171504964456875,0.07436044558921384
Florida,-1.2638270073959144,-1.2610711714660525,-1.2330305408797089,-1.1524912358294985,-0.9850053071921492,-1.0042617107520584,-1.0430501014648628,-1.0844220883619127,-1.1075711101727517,-1.1085356527482033,-1.0922073248637723,-1.082320763465393,-1.0817351483302975,-0.9963386824537057,-0.8635418385834914,-0.5158586880823052,0.24409751752620262,0.7694976375543501,1.1368505670049247,1.4997941589677206,1.278362742003327,0.9155913897861475,0.30920414136918706,0.13475972700893668,-0.32873742844469067,-0.5402478360615819,-0.4083121909194494,-0.6591621564351176,-0.5834800122112885,-0.6851014621249415,-0.7166213355727356,-0.6430060682963029,-0.5569895393354922,-0.4506487203919509,-0.27289730291586645,-0.0073380631245611,0.1586666037004876,0.5689072298095361,0.6044919612538763,0.9892066570625802,1.073362996770734,1.3412991450515452,1.1614119547298178,1.9552304943265022,2.579323988592825,1.9832022290145992,1.4286246960790403,1.2136005976515751,0.6857891211847987,0.43721272031126657,0.16193915886719845,0.12921360720008987,-0.03183055495120763
Georgia,-1.1725049281227944,-1.1670997416178568,-1.1411062604480446,-1.0495217520273048,-0.9301217894575605,-0.8202568188122566,-0.8175845917761078,-0.8579109270489004,-0.8582753216447389,-0.8743086838616323,-0.9299395921596413,-0.8495298513446151,-0.9201009380720021,-0.8791672784728121,-0.8215929323303311,-0.7464669131549629,-0.41310659039538694,-0.061040678382768505,0.12801938442476662,0.4180167502795627,0.3348133175631081,0.3591062906190073,0.24948424970426236,0.06819793827461497,-0.1452765624540988,-0.26036452230642104,-0.30882900355293985,-0.49776760149519544,-0.4536758553987385,-0.6547609398689437,-0.6723733453344706,-0.6575546317703721,-0.6171675640649398,-0.5433169259750064,-0.5011686177230213,1.5042163080414535,-0.02326510528084533,0.29345453093543983,0.06516131664262757,0.7638879541629269,1.3435182912766805,1.565009473113841,1.5225575026986573,2.3861726948358717,2.8443381666701297,2.407368313827144,1.9194439499994096,1.410384699613043,0.7430567297674933,0.2693437551774599,0.08848257077629075,0.10354421407094823,-0.14242213812003066
Hawaii,-1.1334678433276677,-1.125093146266173,-1.0371588271204795,-0.9345687881171701,-0.6707658306800892,-0.8675712116252131,-0.965973902097775,-1.0811259866933263,-1.1062500778778102,-1.1104374264085575,-1.118812123470052,-1.1292804947969204,-1.1167184492046784,-1.0874070094894472,-1.0245967815282375,-0.9555055307709067,-0.9575992050362804,-0.8759459086867077,-0.7231076873144306,-0.7984799608678823,-0.5032718894501965,0.034802396750833804,1.4940933597162738,2.0970715481438877,2.126382987859119,2.505338029891751,2.0384486687134253,0.9141455882077705,0.3886333475989821,0.4158511130488397,0.30488637698403576,0.2776686115341782,0.034802396750833804,0.22951410343058407,-0.10966112755994864,0.5645019858903695,0.07876955632368063,0.3802586505374875,0.23579512622670504,0.33838516523001433,0.61056281972859,1.2533208191983032,0.31954209684165136,1.0586091125185528,1.9735447664868417,0.9978925588227168,0.6670920248936787,0.2692939144726836,0.20439001224610015,-0.3399652967510511,-0.39858817618151354,-0.272967720259094,-0.36927673646628234
Idaho,-1.078994596225332,-1.0776718324964474,-1.0664283408009267,-0.9999594634244676,-0.8154339232450437,-0.9701972795245606,-0.9926842629156015,-1.0032663727466795,-1.0247612833410569,-1.0231078286799509,-1.016494010035527,-1.0105415732555458,-1.0085574276622187,-0.9797873165589751,-0.9930149538478227,-0.8782652003670698,-0.6438053294222461,-0.28169875864004307,-0.030704341084159904,0.23417909562501324,0.013608243833479552,-0.10940878295280311,0.09991857714321013,-0.0932049272739648,-0.35511214559314724,-0.4133137496640767,-0.481766772633863,-0.5449287406881103,-0.3475062541520599,-0.0836148902395503,0.06618810205664875,0.27749960774598914,0.5830580291183687,0.9884851120215475,0.8204941184531831,1.5245351131520966,1.9911400185161956,2.032145694111623,1.8413370262199964,2.2365126902243184,2.4491469596425435,1.824802479608937,0.9894771848182111,1.0017127493103952,1.288752478478388,0.8677829217608132,0.22789596791281064,-0.028389504558611573,-0.24366930143460624,-0.3270034163543461,-0.5277328122126084,-0.42091964110516406,-0.48672713661718087
Illinois,-1.0645626116039633,-1.0619723852072045,-1.0184565817416589,-0.8977049366273091,-0.7509568374945815,-0.6129684130854377,-0.6171127753202515,-0.4268017776965826,-0.23606692484435318,-0.29983358923001213,-0.29003782394772476,-0.3059088475060461,-0.5958729188668305,-0.7116795863146409,-0.8393542001621456,-0.8660570795614577,-0.8311125707179134,-0.8044096913186013,-0.6975510786959572,-0.7020251061085404,-0.5978980049588418,-0.567380428502485,-0.4922638629964836,-0.49810364614553954,-0.39684934154497326,-0.4306635697790228,-0.2897081587699555,-0.5022480083803534,-0.4532691819689167,-0.40871728794466755,-0.4119197496715692,-0.21972495103207573,0.13395868968897198,0.4105948688627981,1.034227195151495,1.9709943452956176,2.9679489378953323,2.8291598980544634,1.9406651489408433,2.1122323264570584,1.823634010832747,1.3590415853050324,0.7031491666203412,0.9090957126753534,1.2395615058763643,0.8227705311251962,0.48891389609570124,0.08822942002983251,-0.12073120765049887,-0.32027283025170783,-0.49132196248857135,-0.48628279477124087,-0.5163765159990371
Indiana,-0.9263340826622809,-0.9251566499447491,-0.9129407855003572,-0.8301525475489058,-0.7132187607890336,-0.667666832529524,-0.6848867860234258,-0.6467674017933354,-0.5643471115661126,-0.6179203002138074,-0.6577322439753498,-0.6617060793970194,-0.6911418973353133,-0.7187379766524638,-0.7416243250994872,-0.7414771460097956,-0.7419922728237158,-0.6857698605615746,-0.6754673242831718,-0.5615507088619747,-0.4995883121018662,-0.5228426082731183,-0.45028331705522406,-0.47854170227598614,-0.5204877428380548,-0.3833168312456056,-0.4488115261583093,-0.484943992677565,-0.5069472665864396,-0.48899141764408044,-0.3601361246191992,-0.20272808819417298,0.0008205928491287882,0.17920164955518936,0.5085884522846972,1.1536008128575606,2.1071005454237435,2.293797220697372,1.8666099128678828,2.6282617020212355,2.297991824753579,1.9376238236440166,1.2434536471142026,1.4453097686260525,1.8391610126404239,1.027909870261046,0.6062417782949869,0.2246799882698533,0.03231691804310318,-0.2521066727856609,-0.4359333558103058,-0.47523017275792806,-0.5151892956091619
Iowa,-0.9987300599110562,-0.9959250348364103,-0.9875099596124723,-0.960394717224228,-0.9156701507562616,-0.8868407263779557,-0.7938073947355309,-0.5976114742366818,-0.4222974070713084,-0.5648861816991455,-0.5792229765251138,-0.5935597713510821,-0.6401543545354791,-0.6621270509535393,-0.6537119757296014,-0.6812947222969534,-0.6002606645849586,-0.5316933849825014,-0.39206547015567955,-0.46842448607659776,-0.44645178965853766,-0.47419037095225897,-0.5006822744350264,-0.44894514528044516,-0.37554698916054213,0.2717904641772012,-0.12356223662151206,-0.30355134557796215,-0.105173738909944,-0.030373070252717998,-0.04502153453142475,0.12312413522096453,0.15304440268385494,0.38882234368048607,1.297650467865782,2.710759766581877,3.9156738708686922,2.9516802535486923,1.6545119912512978,1.4947813967228463,0.8024077074643982,0.7279187082599106,0.2432727092516338,0.46860972358152714,0.8661441105494094,0.321034237709875,0.24576606487354133,-0.02149049084967241,-0.1911945078657539,-0.2712935572195334,-0.4529968481660449,-0.42136239871309306,-0.49896809244496504
Kansas,-1.0067707242358728,-1.0056968714835728,-0.996748098547738,-0.9595212031346659,-0.9316010315748618,-0.9008172526755907,-0.9065444673545248,-0.7613953703352868,-0.6706548127659234,-0.6856887512981257,-0.8276162900604632,-0.8188464925833452,-0.8823827804277712,-0.8805930258406043,-0.8825617558864879,-0.8217100999228123,-0.7007226898303279,-0.6071185249214974,-0.48792086941617996,-0.46733869166376024,-0.4175835141405196,-0.5451930162055216,-0.5102928017557665,-0.4268902379937876,-0.3347178767546908,-0.27404519624973184,-0.28066728822224946,-0.48308853203082924,0.08838010765157142,-0.1680917246894496,-0.2556107240019125,-0.08343633271645383,-0.09202715473485508,0.08587445122953773,0.7949752186650753,1.5506096053669531,1.3140040489434848,2.4875461317488408,2.2935367344999458,1.8061865604143907,2.056036300782894,1.713835223716577,0.6609226000862722,2.1018540182143677,1.5817513351836576,1.4577213422929893,0.881957291601388,0.4334447920573555,0.24050924756076045,-0.19279033799235323,-0.15860602537746488,-0.5090399735447497,-0.6148144696463153
Kentucky,-1.0153498331231765,-1.0132531471902095,-1.0043422319751003,-0.9715815142724925,-0.9477317117849942,-0.8833896622170725,-0.8848311337959872,-0.868057646332252,-0.8785410759970865,-0.8438147152323223,-0.8519393732225691,-0.8997700210683763,-0.8670093033657686,-0.8080400115010746,-0.8637332315955079,-0.8444699295863745,-0.8212753414529282,-0.8655678317868539,-0.6206487062421583,-0.5211871672970412,-0.501661779546287,-0.47781197705878853,-0.5179110955267804,-0.4981236220344053,-0.47348756232204425,-0.36485302242019696,-0.3939445397401127,-0.4689010618436792,-0.41307679887843557,-0.3669497083531639,-0.21271224940928657,-0.009726842523928924,-0.05690227601568409,0.20780432302138654,0.517720712488056,0.5827179764100296,1.1792251243391116,1.6727325758111948,1.451401167012377,2.0910214194380905,1.9293145168580188,1.5027699723700658,0.9163531254933871,1.5743193798325612,2.496337018854754,2.0050572961864477,1.5351375614602423,1.1785699099850595,0.938237284918729,0.4270390458872376,0.058939621780736924,-0.016278986064450475,-0.21782292137089337
Louisiana,-1.3165545284393263,-1.3025599621665558,-1.1959117157430292,-0.8817578314818717,0.20676205320591784,-0.09645354937077541,-0.7804178688169822,-0.8589161256113728,-0.9036343948508002,-0.9530175195144844,-0.8610072676981085,-0.8762886906396395,-0.8746801198036889,-0.8500689860136443,-0.7048150395273026,-0.8084070013625231,-0.2777394825824111,0.12955065308028774,0.7578584216026027,0.8685280951160059,1.2359256740471292,0.6415587501633724,0.5577522096103448,-0.26792720048311225,-0.508247683374136,-0.4117334332170984,-0.4823496929153309,-0.5708210888926154,-0.6943593290936235,-0.7025630403569718,-0.7303913158189176,-0.5335022454985608,-0.6277644964852676,-0.559561093040961,-0.6498019169377912,-0.4702854116457012,0.5384493595789372,1.2055236852476623,0.6222559001319649,1.720105495668268,1.4968358636383208,1.5035918611493135,0.8674020955308405,2.115492207144932,2.828893372889035,2.2465907302749084,1.0773205896223974,1.3800536209483052,0.4827928086550455,-0.016990150074814414,-0.6272819252344825,-0.3636371652221746,-0.7237961753915201
Maine,-0.7694288177988773,-0.7676478103593288,-0.6919549941785205,-0.6233862077559057,-0.5761895106078722,-0.6242767114756799,-0.5610509473717105,-0.6376342672722932,-0.6180431854372604,-0.5459123841355488,-0.5459123841355488,-0.4417234489219654,-0.5289928134598387,-0.5512554064541941,-0.5708464882892269,-0.6233862077559057,-0.5610509473717105,-0.5699559845694527,-0.6590063565468743,-0.6376342672722932,-0.6563348453875517,-0.64119628215139,-0.6928454978982946,-0.6590063565468743,-0.6198241928768088,-0.6109191556790666,-0.6189336891570346,-0.6091381482395183,-0.5788610217671949,-0.5824230366462917,-0.5628319548112589,-0.5904375701242597,-0.5761895106078722,-0.5361168432180324,-0.31349091327447814,0.10504583501940386,0.34459133563866823,0.49063394568163987,0.2537599562216981,0.8690980265856821,1.5236182606197317,1.9225639270785806,1.8433090960186753,2.5361209900030164,2.530777967684371,3.0250075321590613,1.9368119865949682,1.6580843223056385,0.918075731173264,0.3971310551053471,0.09257878294256482,0.24396441530418173,0.2626649934194403
Maryland,-1.315098302209365,-1.3125771993652158,-1.2763813656742156,-1.1368203153730958,-0.887771370126065,-0.4861957028080038,-0.48367459996385453,-0.28342700262857023,-0.07687664818291276,-0.032937427184882746,-0.19644895450542066,0.0362128222546399,-0.1517894184090623,-0.38048946212831686,-0.6446650244402432,-0.8468934882959305,-0.8710240440899306,-0.801873794650408,-0.6898647968603479,-0.41164309013101846,-0.3044962192546748,-0.14080461315955478,-0.3743667837925258,-0.4680077465752127,-0.6154922629579446,-0.6516880966489447,-0.536617759690989,-0.5973043067251534,-0.5873999741231385,-0.7312829150142286,-0.6160324992816908,-0.5836183198569146,-0.5416599653792876,-0.48367459996385453,-0.25965660438373434,0.09779976316171475,0.8330613997803891,1.6028981611188247,1.2605684106382713,2.0298649356529608,2.2171468612183345,1.5942543799388844,1.635492419318183,1.947208778119781,2.529583535118261,2.24433875618023,1.3864434740711522,1.0288070277511212,0.33658421825756635,0.0045189579281920194,-0.3486155190272869,-0.2816262148827493,-0.3759874927637646
Massachusetts,-0.963990518347119,-0.9479669768542308,-0.8036680189536014,-0.5249106476561274,-0.2096648856764784,0.0819809863870145,0.3763264768542005,0.302740104237404,0.1028812578994774,-0.13964897610972765,-0.3160821014607687,-0.4488859100295435,-0.6710383793140972,-0.7569907459091009,-0.8259616419002286,-0.8559186977347587,-0.8603600054311571,-0.868284691712966,-0.8425076901809283,-0.8343217505052137,-0.8162081818610791,-0.7912149405107589,-0.7937403899851816,-0.7951337414193458,-0.7924341230156526,-0.768660064170226,-0.7980075287523094,-0.7744947233007886,-0.7353067142149207,-0.7015179419364389,-0.5967553309802186,-0.6271478091379251,-0.5573931529650801,-0.37033572292853706,-0.17552777553945564,0.0465376092804628,0.4979834739496617,0.645939979364972,0.6057940411681162,1.8045987813371347,1.9660533787709107,1.898040411890771,1.5716478384378085,2.069858060616143,2.9583808532897224,2.2808637184273834,1.63191028796541,1.117328186435646,0.7621106551884118,0.23385629271091166,0.03042698332293931,0.06151613719772789,-0.0826957362382662
Michigan,-0.9249738252067694,-0.9216112940011729,-0.8438247387783725,-0.5796045089341629,-0.1392623668323736,-0.25881903192025124,-0.3641783430289434,-0.41297240696793347,-0.4387518128775071,-0.6231679687755584,-0.5605501654357824,-0.5938018629133484,-0.677192636812143,-0.7562494816015022,-0.8438994616940524,-0.8011579539251362,-0.7579681086621404,-0.7011786927453985,-0.6384114435742627,-0.5444847385645989,-0.566826890352896,-0.5441111239861993,-0.5537503801089094,-0.5115319327497526,-0.5850592817787974,-0.49770819334896677,-0.5763914235599262,-0.48657447891265815,-0.5491922822524341,-0.45526557724277017,-0.409535152846657,-0.3135909291136352,-0.05430241170430058,0.15903151256188108,0.7035373991214837,1.4412767456293687,2.566006072443577,3.0524522535198795,2.746237745063553,2.693408643677847,1.9580604304717197,1.3837401005558276,0.5896596756252803,0.7036121220371637,0.900656450685122,0.5120972891495197,0.19295571628056635,0.07571546157876635,-0.13687123353061606,-0.306940589618122,-0.37852514283948874,-0.23147044478139925,-0.13873930642261417
Minnesota,-0.8201192455401451,-0.8184336723272189,-0.8072556604941289,-0.7903999283648663,-0.7818833479206072,-0.759349895495172,-0.7550028908934148,-0.709669842903661,-0.548653243879389,-0.4114120985953401,-0.43013083269678437,-0.38506392784591376,-0.44077655825210815,-0.5508711033700815,-0.5908812885821733,-0.6029464442115402,-0.5869778558785546,-0.590703859822918,-0.4524868563629643,-0.47218144864031325,-0.38116049514229505,-0.3949112239845882,-0.38098306638303964,-0.4428169889835452,-0.4270258294098149,-0.3229638621065251,-0.3413277386894586,-0.4898356101862252,-0.3140037097641276,-0.22431347196052484,-0.19104557960013807,-0.07128116710274567,0.1151964588746757,0.15476307218862903,0.6764036243994938,1.8580791610404324,2.9695816233958614,3.311752985619893,2.9778320607012376,2.5414460273125905,1.6603348088502932,0.8206532056741308,0.22147628566865799,0.1984992613450842,0.6017061167529719,0.04990267546868991,-0.056465865704920085,-0.21535331961812734,-0.2603315100893703,-0.336803305328446,-0.33502901773589205,-0.32713343794902694,-0.33964216547653236
Mississippi,-1.280835520656175,-1.2794667985416293,-1.2349833298188897,-1.1549130861179584,-1.0803177308752105,-1.0200939578351937,-0.9402518344866869,-0.9074025037375869,-0.9069462630327383,-0.8357727130763549,-0.8713594880545465,-0.832807148494839,-0.7645991631199716,-0.8823092649709132,-0.7684772091111848,-1.0242001241788312,-0.0829755500761465,-0.13840879571525275,-0.05195118214644094,0.16795683759058963,0.8899577530135168,0.6351473193555675,0.22932121239272785,-0.14867421157434652,0.032681468602976424,-0.18996399536314582,-0.319992596245,-0.5996681483171986,-0.4846954906953486,-0.4835548889332271,-0.45298676170837016,-0.2670686744825611,-0.12335285245524859,-0.12152788963585415,-0.0462481733358333,0.13100134049785214,0.4574415648170334,0.7428201256998397,0.6821401119549744,1.718034632313746,2.0305595151350446,2.1149640455320378,1.4691553278188287,2.294494762889966,2.6020009979579304,1.7743803593625496,1.3982098982148696,1.1787581191826877,0.24232407248091326,0.032681468602976424,-0.5517628743080945,-0.33117049351379096,-0.6452922188020598
Missouri,-1.0659275784869284,-1.065529108616587,-1.0504868710111959,-0.9762718576600947,-0.901658374438652,-0.8822329682595047,-0.9310455273763364,-0.9238730697101897,-0.9224784251639945,-0.9341336688714829,-0.958340713494728,-0.9462869999168981,-0.9505705510230691,-0.9095281543778964,-0.9540571623885571,-0.8374051078460879,-0.8083168073111596,-0.7404773118855221,-0.6361778233236389,-0.4947210193524124,-0.19497205938803175,-0.07493301094765997,-0.35386192018669815,-0.17415200866268926,-0.29170062041342676,-0.17594512307922594,-0.038473017811414274,-0.07423568867456239,0.003764788444782934,0.07509089523590841,-0.11328573596802773,0.17789612178401104,0.29444855885889487,0.2887703632065287,0.7252941061656234,1.5249235184733947,2.2725526127016025,2.4142086516079995,1.660403274389499,1.997110314828052,1.8728873327490947,1.5432531325091028,0.946544501672732,1.6620967713384502,1.8180977255771409,1.0761468270012993,0.5953929284342999,0.3290158201110185,0.07449319043039618,-0.3360303934889168,-0.4931271398710465,-0.5040850613054373,-0.638070555207761
Montana,-0.8582092902214539,-0.8555049027797667,-0.8455888154935802,-0.8041215413877097,-0.7987127665043354,-0.8126854349530526,-0.8374756531685186,-0.8514483216172358,-0.8550541715394855,-0.8568570965006103,-0.8537019778186419,-0.8532512465783606,-0.8419829655713307,-0.8446873530130178,-0.8329683407657066,-0.8059244663488346,-0.7924025291403985,-0.7009040873633149,-0.6121100330279184,-0.5088925790035236,-0.49401844807424394,-0.47418627350187115,-0.5161042788480228,-0.49852576047705593,-0.5521627780705188,-0.4475931303252803,-0.4417336242016247,-0.5170057413285851,-0.2821747651420798,-0.04328720779304359,0.28123928520942065,0.974914664002188,0.9983526884968104,1.4220400543611387,1.672646623957486,1.929112699677489,2.5128096558416435,2.9829223394549356,1.9007166315397734,1.879532263246557,1.5883598820249016,0.8847684159459479,0.3181992469124791,0.3141426657499483,0.9190239902073192,0.52508488620155,0.15999258157377777,0.17712036870446338,-0.028413076863763976,-0.13208126212844007,-0.23710164111395973,-0.3286000828910434,-0.4255072995515015
Nebraska,-0.9952202565295232,-0.9913222006110465,-0.9866445335088745,-0.9806675144338769,-0.9289533059154194,-0.884515468444785,-0.817988647436116,-0.591121792980772,-0.31176111882327534,-0.34320543656565405,-0.47418011542647115,-0.4869137647601617,-0.48431506081451053,-0.5893027002188164,-0.7184582863176776,-0.7143003600046358,-0.7130010080318102,-0.7278136205220217,-0.6724612264796526,-0.6288030001927135,-0.46664387398408286,-0.4539102246503923,-0.5459043443264424,-0.49133156146776863,-0.6012567383688115,-0.43493968584713905,-0.51731860092428,-0.3972584786351976,-0.24315533465808545,-0.22106635112005082,-0.02252536967230429,0.19342692821130483,0.48214293657314566,0.49331736353944555,1.049440007908788,2.2017053374105,2.692600512743999,3.1364591466612124,2.2282121176561414,2.4784673076223456,1.350369924815189,0.9590051106001285,0.45771511948402505,0.8303692652903975,0.8303692652903975,0.5512684615274658,0.3477899425829821,-0.06878229990489444,-0.21353010967766253,-0.08229556042228034,-0.5503221410340493,-0.49315065422972443,-0.4383180009764855
Nevada,-1.060070866584227,-1.0577929774466979,-1.0285600668484087,-0.9222585737637204,-0.8833446343309328,-0.8746127259704048,-0.8915070704070784,-0.8698671236005526,-0.9207399810053678,-0.9378241495368355,-0.903465988379106,-0.883914106615315,-0.919031564152221,-0.8632232802827596,-0.7700196497388634,-0.6737788336782617,-0.3167197113705857,-0.06273507253609843,-0.06140630387253983,0.47332817116240083,0.28274477998913833,0.3366548229106588,0.08286000817096564,-0.09747288188341618,-0.2453458517280093,-0.4330818814793605,-0.5479254588297826,-0.6950391322951993,-0.63049894006521,-0.5057845097854955,-0.4207433153177449,-0.36246731821596045,-0.21003857009630927,-0.02780743909398658,0.03521416037765002,0.5612167270520627,0.8679724642393059,1.5407090561895471,2.097652950315396,2.2825416186448355,2.4875516410224487,2.1874397471529985,1.513943858823581,1.6166386941071815,2.157637364270327,1.4076423657388928,0.7109879378445967,0.34405796260762816,0.027621196585886573,-0.24344761078006844,-0.5627317382237214,-0.5327395312462557,-0.5984186680450095
New Hampshire,-0.7939540768718609,-0.7945030672836628,-0.7599166713401392,-0.718742390454992,-0.57271094091567,-0.6270609916840643,-0.543065458678364,-0.5359285833249385,-0.43711030920058525,-0.4925583407925834,-0.5079300723230384,-0.4925583407925834,-0.5205568517944835,-0.5809457970926994,-0.6451776752735291,-0.6720782054518252,-0.6847049849232704,-0.7138014767487744,-0.7099585438661606,-0.7143504671605764,-0.6682352725692114,-0.6874499369822802,-0.6858029657468743,-0.7121545055133685,-0.7308201795146352,-0.7154484479841803,-0.69019488904129,-0.6594514259803801,-0.6583534451567762,-0.6726271958636272,-0.5364775737367404,-0.5227528134416914,-0.5315366600305228,-0.41020977902228906,-0.322920303545777,-0.10003019635418021,0.35343588379424085,0.7701196063519304,0.9776379820130723,2.1727901085059447,2.311684682691841,2.1634572715053113,1.6962664310618414,2.3550549252241963,2.2803922292191294,2.085500633029433,1.5441960869926976,1.101709815080316,0.6575765719325282,0.5472294991603337,0.5044082470397806,0.307869679614678,-0.007250816759648539
New Jersey,-1.1469960649274706,-1.1423563690974385,-1.0095263675118396,-0.28887683778264633,0.65754627774021,0.6744587173787144,0.6075572968617987,0.6289597647229149,0.179058936817213,-0.24487456120105072,-0.5614215508951823,-0.5674830889957082,-0.6715769099565917,-0.8605322643248381,-0.935440901838745,-0.9664220965747663,-0.9810146882982547,-0.9634287444263584,-0.9839332066429523,-1.0121455506416963,-0.9303522031864515,-0.9008676845246341,-0.9460673019655929,-0.9248893355156071,-0.9738306431420758,-0.9672452684155785,-0.9398560962576465,-0.9285561918974068,-0.8857512561751744,-0.8236391990957111,-0.7494788996189063,-0.6851218284281373,-0.5966682724426849,-0.34118566657607374,-0.09820030592906538,0.2731998618846403,1.0255789243869569,1.1807842332819045,1.2961779586030275,1.7772096488521714,1.6466246613778783,1.569994846378637,1.3213221166496536,1.5230740514523438,1.7994352885540998,2.0250592067403423,1.5157403386887445,1.3985506020785765,0.7487686844629396,0.6351709704308612,0.38058637020877245,0.5701403950067004,0.5927402037271797
New Mexico,-0.8687773529559659,-0.8655750140328501,-0.8579386673700353,-0.8244372755589773,-0.7734461865524402,-0.715804085936355,-0.7209770949660037,-0.651757307474038,-0.5918982029881034,-0.6192412507162464,-0.603968557390617,-0.6212119208227792,-0.6850123655217796,-0.5606138150468947,-0.6758980162790652,-0.6613643242433856,-0.5623381513901109,-0.5123323974368403,-0.4322739243589442,-0.39015085083180495,-0.35862012912727964,-0.38251450416899024,-0.5487897944076977,-0.5995345496509181,-0.6253995947991614,-0.6502793048941384,-0.6657983319830845,-0.7076750717469071,-0.6672763345629841,-0.5571651423604622,-0.4665143174599521,-0.25146494208455705,0.06852261646371115,0.38136649587579785,0.4537886222908793,1.0154296026527356,1.4270533211547805,3.4900985889313363,2.4619014608478325,2.2525177620287193,2.0162836830080964,1.6421026965301755,1.0957344094939485,1.2068309367497367,1.536179178304036,0.9737991966522297,0.5028090411908834,0.32815840299941146,-0.008579851454385815,-0.12608105655640578,-0.32240906591973895,-0.29161734550516344,-0.4278399166192453
New York,-1.0063293682759722,-0.9929725006520744,-0.5499539361998617,0.3941524115233534,1.297082978202685,1.1355059294284886,0.581116981738717,0.3343149076290595,-0.1536054671332777,-0.4249424966655559,-0.5738889377575792,-0.6403575106850139,-0.7259298777317349,-0.7809993272260085,-0.8557409481852664,-0.8684662854250556,-0.8642666083707331,-0.8547936526091034,-0.8565619376846076,-0.8391316990832091,-0.8542568517826111,-0.8673295307336599,-0.8738974467283899,-0.8782550063787395,-0.8778760881482743,-0.8712134425959281,-0.8429524579070664,-0.8481625835759626,-0.8313954518778782,-0.8170912886778174,-0.7226774962535755,-0.6945743941607408,-0.6923640378163606,-0.632842299114121,-0.560279457980038,-0.3808300993355672,0.01078189185020196,0.16648570805218776,0.4201714633486294,1.080499632972626,1.2001114877228027,1.272326987145626,1.3566678699433352,1.8914477992065337,2.517294409858198,2.368063780093326,1.9312026368861728,1.6494769325353074,0.8949560061215068,0.8737681617346619,0.6260819450872523,0.6384915171349872,0.5939370485361224
North Carolina,-1.1212445143346075,-1.1192683509319767,-1.101482880308299,-1.0594383003281873,-1.0084669132534327,-0.9886371356615162,-0.9865246851276694,-0.9495908725681548,-0.928670797926511,-0.9096587431218899,-0.8565067619476806,-0.8000838896242892,-0.7371873785681416,-0.6225699012155519,-0.5386170283865445,-0.5256016073554239,-0.4440337593226952,-0.3617844756338867,-0.22870009200153968,-0.2015108093239634,-0.17398080881834732,-0.25377692414526914,-0.39974044167752076,-0.4490763831776842,-0.3581728666566648,-0.34583888128162393,-0.4379008384179787,-0.5591282416345406,-0.4864872006964546,-0.47531165593674907,-0.5128587605867354,-0.16907447209457416,-0.12941491691074108,-0.16253268979620994,0.009325382667066694,0.013005135209896565,0.16626001426219994,0.5508622985535295,0.5824127694300153,1.1418032995057639,1.7137322456533772,1.779695217161883,1.4449058793299725,2.1560521300146496,2.848935905116393,2.3845375054981415,1.888861209265836,1.516729197480763,1.5136627370284048,0.6298406910931559,0.29212117994010317,-0.037148529077562435,-0.19272028936053648
North Dakota,-0.7697018352242642,-0.7692954820923411,-0.758730300662342,-0.7412571159896513,-0.7254093438446527,-0.728660168900037,-0.6571420176815818,-0.6551102520219666,-0.6380434204811989,-0.6477958956473518,-0.6035034042677404,-0.559210912888129,-0.7050916872485006,-0.6542975457581205,-0.6807104993331182,-0.6851803837842716,-0.6855867369161947,-0.639262479876968,-0.559210912888129,-0.4913499398569811,-0.42145720116621804,-0.45112097979660004,-0.38935530374429783,-0.3670058814885306,-0.2459126481754644,-0.027701016332791425,0.014153356255281788,0.021061359497973484,0.19782497188449627,0.354270927674867,0.37865211559024947,0.7394936967379098,1.1458468286609507,1.5631714951459137,2.206428502980087,2.9939408726469408,3.086995739857317,2.8415584481758005,1.6582581280159052,0.9869627540790417,1.2173649798794057,0.1096463422571964,-0.18902320970623868,-0.1288829461816286,-0.0890603392531706,-0.30320843977661316,-0.38244730050160614,-0.4397430921027549,-0.5559600878327446,-0.5900937509142801,-0.4933817055165963,-0.5535219690412063,-0.5332043124450543
Ohio,-0.8801406421290308,-0.8787104274154776,-0.8645989755750855,-0.8183076926797455,-0.7662002032826222,-0.7580479794153686,-0.6418668708510599,-0.6718060321881079,-0.6922104287681342,-0.6814838184164848,-0.696977811146645,-0.6900174328740192,-0.708419528855071,-0.7388831022537551,-0.7527561849752216,-0.7056544470755347,-0.6178869374871504,-0.5540040136151054,-0.4776782217351471,-0.4348671279761199,-0.44435421890935645,-0.4530785286620313,-0.5074743616008398,-0.5254950669916106,-0.5695456801690507,-0.5245892643396937,-0.48454325236020274,-0.5537179706723947,-0.5510005627166435,-0.5702607875258273,-0.4940780171172244,-0.4109348684359956,-0.2585693276187897,-0.10172244736578362,0.11552716762295458,0.6105244799837334,1.4000030018651257,1.6619706635642952,2.123930016041994,2.008511688658247,3.300996725296316,1.9840550170564863,1.3948065550725488,1.5491267226649441,1.7697611791424248,1.488723987929212,0.9108695698299152,0.6201545923883252,0.2842925038222377,0.03200262835144496,-0.19282712461912546,-0.22915457834337793,-0.35339256312737
Oklahoma,-1.0311719230726561,-1.0309171014086493,-1.0232724514884477,-0.9851766127194419,-0.9261853975018846,-0.9400731781902512,-0.9552350671986515,-0.9437680923183488,-0.9398183565262445,-0.9526868505585842,-0.9394361240302344,-0.9386716590382141,-0.982755806911378,-0.9380346048781973,-0.8935682245090235,-0.7401655827769738,-0.7215636013044827,-0.6511054112066227,-0.48292311296218277,-0.39029543809573747,-0.26441353607641427,-0.14706815980131646,-0.35079808017469477,-0.42278520025659516,-0.41679689115243707,-0.40010607215999644,-0.33206868787020033,-0.2990692823813292,-0.08170640298359094,-0.07240541224734541,-0.21395884660308231,0.06940284377239822,-0.023224831094047077,0.17107668771108234,-0.0916444478798533,0.5163600424401975,1.245532233995447,1.542654294227291,1.6717214670466982,1.6368108990777765,1.667516909590587,1.9208096436132738,1.3004463025888968,2.1454349404352038,2.4457422714671315,1.9777622855187773,1.2762382445082576,1.055944915974442,0.8138643351680515,0.19031572334359023,-0.2907875783011105,-0.37462390575932375,-0.45935210904156054
Oregon,-1.0312349090412336,-1.028093690920523,-0.9921441946501689,-0.9006998449139285,-0.8542796215745393,-0.8755700999482441,-0.9020959418564666,-0.8958135056150455,-0.9069822811553496,-0.8445069429767731,-0.8979076510288525,-0.9296688564715925,-0.9254805656439784,-0.8895310693736244,-0.6958226185964739,-0.5816916935439905,-0.5457421972736365,-0.37646544299090134,-0.35866520697354154,-0.1949728404609585,-0.27524841465689476,-0.21940453695537387,-0.27664451159943276,-0.3412139951918163,-0.4511566294166855,-0.4714000350834868,-0.515726113009069,-0.5844838874290665,-0.5248007431355661,-0.33109229235841564,-0.3551749646171965,-0.1684469985527361,-0.2410440395647132,-0.13912896275943762,0.125780432087152,0.7159804145451008,1.209151659496657,1.8576386893055683,2.0876456605887075,2.586052269074781,2.2300475487275855,2.132320762749924,1.3358474570319825,1.7634021456842517,1.7347821583622223,1.589588076338268,0.6964350573495685,0.44688272887089703,0.6067358287915006,0.06679533626492058,-0.1502977382997418,-0.06583387327619149,-0.44661931435343694
Pennsylvania,-0.9234383607604199,-0.921636089049281,-0.8999573350381523,-0.7732318870063529,-0.5037150259748869,-0.3393478459190139,-0.4106663122026556,-0.42353968156793387,-0.4804399741624638,-0.47503315902904697,-0.6270933979717139,-0.6218410632706804,-0.6886281035377441,-0.7291534702996402,-0.7540763133908188,-0.7830671412014255,-0.7214809421579342,-0.689966933951733,-0.6461459846323258,-0.6358987826175643,-0.5961973114950461,-0.5999563353497074,-0.6519132541079705,-0.6272478784040972,-0.6864138840069163,-0.6943438795359277,-0.630749434871453,-0.6477422824336203,-0.6311098892136808,-0.6211201545862248,-0.5436224710072496,-0.4780712741992526,-0.41020287090550556,-0.3079368246677349,-0.11514524505332746,0.13691532711882118,0.8106559862200251,1.3760543687430469,1.5266212968393416,2.2768812634477595,2.783731562097496,2.379919711847447,1.857724356914299,1.7354273479441553,2.111896161662353,1.5026253363424629,0.9360426038378354,1.0816146646204021,0.4717259175709786,0.304372115822361,0.03624557868234506,-0.016329261805451415,-0.021993544326173856
Rhode Island,-0.9693240319895938,-0.9633042794200958,-0.944843704873635,-0.8854488128545872,-0.7180996914225407,-0.2706314170898501,-0.1510389993758216,0.1266722524970231,-0.15224294988972123,-0.24896030783965703,-0.4082830925123729,-0.41189494405407173,-0.623790234500404,-0.7642511277886926,-0.7670603456544584,-0.8136130988585768,-0.8401000101643684,-0.8376921091365692,-0.841303960678268,-0.7770932666036219,-0.7971591085019487,-0.6498758289682292,-0.6827838096814852,-0.7305405133995033,-0.6944219979825149,-0.7048562357696448,-0.7453892364042652,-0.7044549189316783,-0.6831851265194518,-0.7449879195662987,-0.6109480956854748,-0.4813227570222829,-0.4094870430262725,0.003869300079262284,0.1359025397702535,0.4368901682451574,1.0962537330241804,1.627195909653911,1.4189124707492773,2.3138490194146586,2.513704804721995,1.8366832990724442,0.7370751630441283,1.3908202920916197,2.9086005732810687,1.7704660208079654,1.1536420408533954,0.9172664232911042,0.4156203758329309,0.20573166957643121,-0.03746633423129119,0.023935141977589214,0.03276411241285306
South Carolina,-1.1292305676671088,-1.1275230585207217,-1.1093096276259256,-1.0636622164458431,-0.9843199581103876,-0.9847752938827576,-1.0091357577045472,-1.001850385346629,-1.0010535477449816,-1.0125507759973216,-0.9970693597367449,-0.9837507883949254,-0.9285413259950748,-0.8515895804645613,-0.6180023292388019,-0.4617083253728332,-0.14377012231554948,0.18270562647366992,0.21389612688100818,0.38885889741414287,0.14696176834263266,0.07592938785292802,-0.14513612963265918,-0.43939687252670806,-0.5043960540325115,-0.4082063721193698,-0.374966860736367,-0.34263802089810397,-0.46421267212086764,-0.19841041499993764,-0.4811739296416465,-0.46648935098271715,-0.3799755542324359,-0.36813682415081844,-0.29334792353906214,-0.25692106174947,-0.011722748328278026,0.09858234252833062,-0.010015239181890895,0.688469835633538,1.1594008582071087,1.2838213580071842,1.462882150491648,1.7721689738739037,2.610669798693077,2.702078454996335,2.3016106431970065,1.7233342122872317,1.4872426143134378,1.2519478539412912,0.7893267092134713,0.31327315920073917,-0.1001717221111314
South Dakota,-0.872082002007866,-0.8688267328457875,-0.8667921896194885,-0.8440053054849389,-0.811045705218894,-0.6726967658305576,-0.5038296780477352,-0.6372957136929539,-0.7015872796440044,-0.5115609423076717,-0.6808349387357538,-0.6377026223382137,-0.6971112845461463,-0.6910076548672491,-0.684904025188352,-0.7097254525492006,-0.7158290822280978,-0.7166428995186174,-0.6946698326745875,-0.7064701833871221,-0.6731036744758174,-0.6442131606623707,-0.6075913825889875,-0.5998601183290511,-0.46435953945753333,-0.03954691380628855,-0.14493625292858012,-0.24991868340561188,-0.0346640100631708,0.285573093756302,0.29859417040461605,0.8149612412393188,1.0424231739395542,1.5425138989638645,2.4324231061470756,2.4157398516914235,3.1876455517492888,2.2546040281685373,1.9091385883429561,1.606398556269655,1.1815859306184102,0.6290039903555842,0.21151572031901608,0.4064249613984665,0.2615654836859731,0.03369664234047779,-0.2194005350111259,-0.423668674931552,-0.473718438298509,-0.43017921325570907,-0.4696493518459109,-0.41512359338109595,-0.3992541562159633
Tennessee,-1.0194473867656162,-1.0176540079012075,-0.9947539393249105,-0.9281230169011069,-0.8877030163417394,-0.890324108528183,-0.9119136310112581,-0.8405233569857542,-0.7775481684009377,-0.8949455079095442,-0.8559050295535681,-0.829832059909471,-0.850317964629833,-0.7487851304602273,-0.7540962909432842,-0.691397006799146,-0.6699454365364099,-0.25098454336644765,-0.28547259845123213,0.09465474469326281,0.07161672389662675,0.06264982957458277,-0.11710191352731414,-0.26119300767154385,-0.31409768417160333,-0.38659157595982035,-0.26015836601900033,-0.48867621901078256,-0.21332358721386294,-0.36569181457844097,-0.4530155700531153,-0.087993995035756,-0.0521264177475801,0.2800625288290644,-0.06509392645945908,0.3891827351173226,0.98658482529596,1.0178310032027749,0.7766215459397918,1.3307756150421095,2.685121538221597,3.4901417200106377,2.0424021436615534,2.0302623482717093,2.123724977551475,1.1497823019571605,0.5941107584311122,0.30082433799010466,0.1349367930322911,-0.13551853494258906,-0.4872277206972216,-0.33906703605298727,-0.43473690085817956
Texas,-1.2131532379188565,-1.2121511955594255,-1.1996018079151238,-1.162144510193539,-1.107223045636158,-1.0574549417844217,-1.0821481284989698,-1.0757780020711587,-1.044690830777385,-1.0300896421113914,-1.002915207649681,-1.0385115695608942,-1.003869533706282,-0.9520973451356838,-0.9013033407731016,-0.632875279202687,-0.30840441995838547,-0.07249501876664614,0.3298488466962879,0.5068286138929224,0.19457312817311212,0.1061309608776249,0.16921191321894355,0.04044947003206885,-0.2999347762060526,-0.4000197213920706,-0.5204318115836876,-0.6347362150130588,-0.4604285607749068,-0.08549771128783323,-0.48533647085218995,-0.4815430247772014,-0.35464151740069844,-0.2843792614834581,0.5660684038564224,0.2975687678317629,0.6076531617728061,0.8515550436885778,0.6810885518282443,1.3113970540617153,1.0770861490147825,1.4538540761608127,1.2732955862519248,1.5944978787523685,2.396394205962679,2.578169461593733,1.7285329734019632,1.790874323049416,1.6141808536697617,0.553733739574856,-0.456396533185768,0.03563012344623437,-0.19837062563230315
Utah,-1.036494956070462,-1.0341498259793787,-1.0155353558814049,-0.9548551147746243,-0.90751280106088,-0.9337489439548745,-0.9243684235905412,-0.8821560819510417,-0.882449223212427,-0.8789315280758021,-0.8919763142074529,-0.867499018881771,-0.8307097905779015,-0.7040727656594027,-0.7072973195346423,-0.5750906106498206,-0.5034175722410869,-0.4720514572728476,-0.3723834284018069,-0.3575797947018435,-0.47146517475007677,-0.5673223672231071,-0.6039650248962838,-0.6665506842020698,-0.6756380633050175,-0.6351845692338304,-0.625364336977419,-0.5654169490241019,-0.1723145175062619,-0.03365870087096112,-0.010207399960128014,0.16904848137705258,0.21653736572148963,0.5005912480039557,0.6676817669936416,1.3247579043890467,2.068750425785227,2.388420971326021,1.4012677736106398,2.1289909549999297,1.6744754292218456,1.4638534329164257,1.0021559462343987,1.6894256335525017,2.265008500282762,1.5778853835953517,0.8054581598447861,0.46116374834761753,0.1335783887494175,-0.05667028988971612,-0.23915072510213625,-0.3770736885839735,-0.5067886967470191
Vermont,-0.8306054083845317,-0.8223667146893887,-0.704278771725674,-0.3307913242125296,-0.0726455884313857,-0.2429119247976721,-0.5971757536888164,-0.7289948528111027,-0.7070250029573882,-0.7509647026648171,-0.79765063360396,-0.7894119399088172,-0.7646958588233885,-0.6081606786156736,-0.6575928407865309,-0.7454722402013885,-0.7152636966525312,-0.704278771725674,-0.704278771725674,-0.6850551531036739,-0.6960400780305311,-0.7619496275916742,-0.7427260089696741,-0.6795626906402453,-0.7180099278842454,-0.6713239969451024,-0.7454722402013885,-0.7344873152745313,-0.7482184714331027,-0.7592033963599599,-0.7152636966525312,-0.6054144473839593,-0.6438616846279595,-0.45986419210310153,-0.4955651981153874,-0.29509031820024373,0.5315252825457596,1.1988594718523338,0.4601232705211879,1.679449937402336,1.193367009388905,1.061547910266619,0.775939862168332,1.2647690214134768,2.390723826416339,2.1600404029523377,1.846970042536908,1.726135868341479,1.7343745620366218,1.3004700274257628,1.4075730454626205,1.1027413787423335,1.597063000450907
Virginia,-1.1087827066463853,-1.1054710932180978,-1.0906190087518393,-1.041747622704083,-0.9333675468692227,-0.8446564477599483,-0.7810333291680026,-0.6646250995675973,-0.5367767508512901,-0.5661798640175993,-0.47606383799935453,-0.5213225548526156,-0.26974028622484303,-0.4994458358415049,-0.7251373085753943,-0.7589559063127533,-0.7334665181071474,-0.7063714991484323,-0.6150512500653558,-0.43060441730195487,-0.39277174268182313,-0.3849442927604166,-0.2756610496269326,-0.44656037291097594,-0.47947580334971124,-0.4278949154060834,-0.3885569619549119,-0.41775937127708257,-0.43692658839232174,-0.5437010334740728,-0.5343683047216266,-0.4219741520039938,-0.3641714448920684,-0.3831379581631689,-0.20370872150323377,-0.12724055688641578,-0.12703985304227716,0.4801896273991476,0.7120025673792651,0.8088421721761541,1.5860678086029982,1.3936931739961216,1.5732227625781259,1.920540764860025,2.412465886843807,2.9501514852911965,2.216879990730712,2.135594933854567,1.3341844842090178,0.9857626107843563,0.30758432143992587,0.08871677940674998,-0.14058736252163467
Washington,-1.134917200995983,-1.0691959106755486,-0.9070241861821526,-0.7162548191439191,-0.5578132219389802,-0.6601252847080887,-0.9114648139065064,-0.8805580449450048,-0.859065406759133,-0.8516051521822189,-0.880735670053979,-0.9068465610731785,-0.8217641338745623,-0.7325963291695406,-0.785173361425888,-0.6722037921183307,-0.5519515933428334,-0.3212165767854168,-0.3038093161059504,-0.0885276840292846,-0.16206447914458133,-0.1904844965804448,-0.2661527930034313,-0.42903501793272386,-0.4512381565544922,-0.5540830946505232,-0.6039957502722584,-0.6642106622144941,-0.6450271504452862,-0.44910665524680243,-0.4775266726826659,-0.40772000485582627,-0.3272558304905378,-0.24998890808678395,-0.05637753930496404,0.5539423351302041,1.2436606332768159,1.7795555870518165,2.0447498747502175,2.336055053467818,2.6921933969609824,0.9397440718220508,1.3532553255138644,2.1628705722180253,1.7227155521800894,2.103721410929634,0.667622404873658,0.8701150291041853,0.36388346852786707,0.24878239791262002,-0.133822086817692,-0.09261306153568998,-0.309315694484149
West Virginia,-0.8300807584021244,-0.8300807584021244,-0.8248058625040015,-0.7981017020197546,-0.7605180687456294,-0.7413965711149342,-0.7321655032932192,-0.7756833944527326,-0.7839254192935495,-0.7756833944527326,-0.7865628672426109,-0.7420559331021995,-0.7473308290003223,-0.7859035052553456,-0.7819473333317535,-0.7499682769493837,-0.7315061413059538,-0.6883179311400731,-0.5063340226548354,-0.5841387371521473,-0.5336975451263476,-0.5106198755720602,-0.5541377667315736,-0.5425989319544299,-0.5973259768974543,-0.5544674477252063,-0.39852833773695,-0.4057813195968689,-0.3827036500425815,-0.40512195760960357,-0.40677036257776694,-0.3365483109340067,-0.1875325018120367,-0.22808326402885598,0.15104987864872266,0.33072602017853164,0.9023928631375937,1.4180139371791005,1.3191096390892976,1.8073671906592923,1.8798970092584812,2.178258308496054,1.9286897963161174,2.581458163708818,2.517500050944079,1.6784619221489154,1.3082301662994191,1.047122819342339,0.3920466849942096,0.11940050325998565,-0.16148770331505521,-0.09192501365856036,-0.3058879785261678
Wisconsin,-0.9163806640408493,-0.9141930984409551,-0.8888017120136119,-0.8552069545866655,-0.8260654557023608,-0.8366126469875649,-0.8378626844732187,-0.7940332451324816,-0.7560633565057469,-0.740203505906514,-0.7348127192496319,-0.7027805086797527,-0.6721545902812341,-0.7263749662214686,-0.7661417837338308,-0.7553602104200665,-0.6879363135376135,-0.6168404315410525,-0.5358223770021143,-0.45800754352016393,-0.4076154073797443,-0.44003825466389024,-0.47652372377641117,-0.5111341366604513,-0.5475414784301188,-0.5355098676307009,-0.45886694429155095,-0.2919869399567659,0.024428798599357503,0.22701299861812982,0.3962368232385158,0.45655113192131264,0.3297504544703032,2.422078823426239,1.6231486154077408,2.246839193406144,2.83482557572056,2.7020090928698415,1.6474462190351369,1.5847099627238859,1.2625128007966135,0.9405500208979014,0.322406484242087,0.4637388474638221,0.9598474745826823,0.4825675370914828,0.11575966239493977,-0.07549607291009479,-0.2412041671020794,-0.4139437221508668,-0.5236345115169895,-0.5158217772316531,-0.5814487452284788
Wyoming,-0.7492493697130702,-0.7477991390288692,-0.7318466015026579,-0.7057424491870392,-0.6687615667399128,-0.6963159497397325,-0.718069410002748,-0.6122025700560725,-0.6883396809766268,-0.694140603713431,-0.6825387582398227,-0.6883396809766268,-0.7021168724765366,-0.7173442946606475,-0.6673113360557118,-0.6499085678452994,-0.5897239944509565,-0.591899340477258,-0.5839230717141524,-0.5578189193985337,-0.49618411531998974,-0.5077859607935981,-0.5737714569247451,-0.5781221489773481,-0.5375156898197192,-0.5672454188458405,-0.6020509552666653,-0.5215631522935079,-0.3678386997681982,-0.19743659437457667,-0.11767390674351977,0.05345331399220229,0.2760637240170611,0.7125831599615724,1.195509977800517,1.851739362401485,3.009748563736011,3.365780196707365,2.383248908161164,2.0264921598477095,1.4572766162988036,0.9199661478023203,0.3659780264375252,0.4653188283052961,0.6698013547776419,1.0860175611433387,0.36380268041122366,-0.01398241282314581,-0.23079190011120046,-0.380165660583907,-0.27139835926882944,-0.31490527979486044,-0.4809566931358789
